CATEGORY	METHOD	PATH	HANDLER
accounting	GET	/api/v1/accounting/jv/	list_jvs_endpoint
accounting	POST	/api/v1/accounting/jv/	create_jv_endpoint
accounting	GET	/api/v1/accounting/jv/ap-ageing/export	ap_ageing_export_endpoint
accounting	GET	/api/v1/accounting/jv/ap-ageing/summary	ap_ageing_summary_endpoint
accounting	POST	/api/v1/accounting/jv/audit/export	audit_export_endpoint
accounting	GET	/api/v1/accounting/jv/audit/exports	list_audit_exports_endpoint
accounting	GET	/api/v1/accounting/jv/sla/metrics	sla_metrics_endpoint
accounting	GET	/api/v1/accounting/jv/{jv_id}	get_jv_endpoint
accounting	GET	/api/v1/accounting/jv/{jv_id}/approvals	get_jv_approvals_endpoint
accounting	POST	/api/v1/accounting/jv/{jv_id}/approve	approve_jv_endpoint
accounting	GET	/api/v1/accounting/jv/{jv_id}/history	get_jv_history_endpoint
accounting	PUT	/api/v1/accounting/jv/{jv_id}/lines	update_jv_lines_endpoint
accounting	POST	/api/v1/accounting/jv/{jv_id}/transition	transition_jv_endpoint
misc	GET	/api/v1/admin/ai/providers	list_provider_slots
misc	PATCH	/api/v1/admin/ai/providers/{slot_name}	update_provider_slot
misc	POST	/api/v1/admin/ai/providers/{slot_name}/disable	disable_provider_slot
misc	POST	/api/v1/admin/ai/providers/{slot_name}/enable	enable_provider_slot
misc	GET	/api/v1/advisory/fdd/engagements	list_engagements_endpoint
misc	POST	/api/v1/advisory/fdd/engagements	create_engagement_endpoint
misc	GET	/api/v1/advisory/fdd/engagements/{engagement_id}	get_engagement_endpoint
misc	GET	/api/v1/advisory/fdd/engagements/{engagement_id}/export	export_endpoint
misc	GET	/api/v1/advisory/fdd/engagements/{engagement_id}/report	report_endpoint
misc	POST	/api/v1/advisory/fdd/engagements/{engagement_id}/run	run_engagement_endpoint
misc	GET	/api/v1/advisory/ma/workspaces	list_workspaces_endpoint
misc	POST	/api/v1/advisory/ma/workspaces	create_workspace_endpoint
misc	GET	/api/v1/advisory/ma/workspaces/{workspace_id}	get_workspace_endpoint
misc	PATCH	/api/v1/advisory/ma/workspaces/{workspace_id}	patch_workspace_endpoint
misc	GET	/api/v1/advisory/ma/workspaces/{workspace_id}/dd	dd_summary_endpoint
misc	POST	/api/v1/advisory/ma/workspaces/{workspace_id}/dd	create_dd_item_endpoint
misc	PATCH	/api/v1/advisory/ma/workspaces/{workspace_id}/dd/{item_id}	patch_dd_item_endpoint
misc	GET	/api/v1/advisory/ma/workspaces/{workspace_id}/documents	list_documents_endpoint
misc	POST	/api/v1/advisory/ma/workspaces/{workspace_id}/documents	register_document_endpoint
misc	POST	/api/v1/advisory/ma/workspaces/{workspace_id}/members	add_member_endpoint
misc	GET	/api/v1/advisory/ma/workspaces/{workspace_id}/valuations	list_valuations_endpoint
misc	POST	/api/v1/advisory/ma/workspaces/{workspace_id}/valuations	create_valuation_endpoint
misc	GET	/api/v1/advisory/ppa/engagements	list_engagements_endpoint
misc	POST	/api/v1/advisory/ppa/engagements	create_engagement_endpoint
misc	GET	/api/v1/advisory/ppa/engagements/{engagement_id}	get_engagement_endpoint
misc	GET	/api/v1/advisory/ppa/engagements/{engagement_id}/export	export_endpoint
misc	POST	/api/v1/advisory/ppa/engagements/{engagement_id}/identify-intangibles	identify_intangibles_endpoint
misc	GET	/api/v1/advisory/ppa/engagements/{engagement_id}/report	report_endpoint
misc	POST	/api/v1/advisory/ppa/engagements/{engagement_id}/run	run_ppa_endpoint
misc	POST	/api/v1/ai/stream	stream_ai_response
reporting	GET	/api/v1/anomalies	list_anomaly_alerts
reporting	GET	/api/v1/anomalies/thresholds	list_anomaly_thresholds
reporting	PUT	/api/v1/anomalies/thresholds/{rule_code}	update_anomaly_threshold
reporting	GET	/api/v1/anomalies/{alert_id}	get_anomaly_alert
reporting	PATCH	/api/v1/anomalies/{alert_id}/status	update_anomaly_alert_status
reporting	GET	/api/v1/anomaly-engine/anomaly-definitions	list_anomaly_definitions
reporting	POST	/api/v1/anomaly-engine/anomaly-definitions	create_anomaly_definition
reporting	GET	/api/v1/anomaly-engine/anomaly-definitions/{id}/versions	list_anomaly_definition_versions
reporting	GET	/api/v1/anomaly-engine/correlation-rules	list_correlation_rules
reporting	POST	/api/v1/anomaly-engine/correlation-rules	create_correlation_rule
reporting	GET	/api/v1/anomaly-engine/pattern-rules	list_pattern_rules
reporting	POST	/api/v1/anomaly-engine/pattern-rules	create_pattern_rule
reporting	GET	/api/v1/anomaly-engine/persistence-rules	list_persistence_rules
reporting	POST	/api/v1/anomaly-engine/persistence-rules	create_persistence_rule
reporting	POST	/api/v1/anomaly-engine/runs	create_run
reporting	GET	/api/v1/anomaly-engine/runs/{id}	get_run
reporting	GET	/api/v1/anomaly-engine/runs/{id}/evidence	list_evidence
reporting	POST	/api/v1/anomaly-engine/runs/{id}/execute	execute_run
reporting	GET	/api/v1/anomaly-engine/runs/{id}/results	list_results
reporting	GET	/api/v1/anomaly-engine/runs/{id}/rollforwards	list_rollforwards
reporting	GET	/api/v1/anomaly-engine/runs/{id}/signals	list_signals
reporting	GET	/api/v1/anomaly-engine/statistical-rules	list_statistical_rules
reporting	POST	/api/v1/anomaly-engine/statistical-rules	create_statistical_rule
misc	GET	/api/v1/audit/access	list_access_endpoint
misc	POST	/api/v1/audit/access/grant	grant_access_endpoint
misc	PATCH	/api/v1/audit/access/{access_id}/revoke	revoke_access_endpoint
misc	GET	/api/v1/audit/portal/requests	auditor_list_requests_endpoint
misc	POST	/api/v1/audit/portal/requests	auditor_create_request_endpoint
misc	GET	/api/v1/audit/{engagement_id}/pbc	pbc_tracker_endpoint
misc	POST	/api/v1/audit/{engagement_id}/requests/{request_id}/respond	respond_endpoint
misc	GET	/api/v1/auditor/access-logs	get_access_logs
misc	GET	/api/v1/auditor/grants	list_auditor_grants
misc	POST	/api/v1/auditor/grants	create_auditor_grant
misc	DELETE	/api/v1/auditor/grants/{grant_id}	revoke_grant
misc	GET	/api/v1/auditor/me/access-check	check_my_access
misc	POST	/api/v1/auth/accept-invite	accept_invite
misc	POST	/api/v1/auth/forgot-password	forgot_password
misc	POST	/api/v1/auth/login	user_login
misc	POST	/api/v1/auth/logout	user_logout
misc	GET	/api/v1/auth/me	get_me
misc	POST	/api/v1/auth/mfa/setup	mfa_setup
misc	POST	/api/v1/auth/mfa/verify	mfa_verify
misc	POST	/api/v1/auth/mfa/verify-setup	verify_mfa_setup
misc	POST	/api/v1/auth/refresh	token_refresh
misc	POST	/api/v1/auth/register	register
misc	POST	/api/v1/auth/reset-password	reset_password
misc	POST	/api/v1/backup/log	backup_log
misc	GET	/api/v1/backup/runs	backup_runs
misc	GET	/api/v1/backup/status	backup_status
misc	POST	/api/v1/backup/verify-integrity	backup_verify_integrity
accounting	GET	/api/v1/bank-recon/items	list_recon_items
accounting	POST	/api/v1/bank-recon/run/{statement_id}	run_bank_recon
accounting	GET	/api/v1/bank-recon/statements	list_statements
accounting	POST	/api/v1/bank-recon/statements	create_statement
accounting	POST	/api/v1/bank-recon/transactions	add_transaction
accounting	GET	/api/v1/bank-recon/transactions/{statement_id}	list_transactions
accounting	POST	/api/v1/bank-recon/upload-statement	upload_bank_statement
misc	POST	/api/v1/billing/admin/activate-tenant	activate_tenant_billing
misc	POST	/api/v1/billing/admin/adjust-credits	adjust_credits
misc	POST	/api/v1/billing/admin/override-provider	override_provider
misc	GET	/api/v1/billing/credits/balance	get_credit_balance
misc	GET	/api/v1/billing/credits/ledger	get_credit_ledger
misc	POST	/api/v1/billing/credits/top-up	top_up_credits
misc	GET	/api/v1/billing/invoices	list_invoices
misc	GET	/api/v1/billing/invoices/{id}	get_invoice
misc	POST	/api/v1/billing/invoices/{id}/pay	pay_invoice
misc	GET	/api/v1/billing/payment-methods	list_payment_methods
misc	POST	/api/v1/billing/payment-methods	create_payment_method
misc	DELETE	/api/v1/billing/payment-methods/{id}	delete_payment_method
misc	POST	/api/v1/billing/payment-methods/{id}/set-default	set_default_payment_method
misc	GET	/api/v1/billing/plans	list_billing_plans
misc	GET	/api/v1/billing/plans/{id}	get_billing_plan
misc	GET	/api/v1/billing/portal	get_billing_portal
misc	POST	/api/v1/billing/subscriptions	create_subscription
misc	POST	/api/v1/billing/subscriptions/cancel	cancel_subscription
misc	GET	/api/v1/billing/subscriptions/current	get_current_subscription
misc	POST	/api/v1/billing/subscriptions/reactivate	reactivate_subscription
misc	POST	/api/v1/billing/subscriptions/upgrade	upgrade_subscription
misc	POST	/api/v1/billing/webhooks/razorpay	razorpay_webhook
misc	POST	/api/v1/billing/webhooks/stripe	stripe_webhook
reporting	GET	/api/v1/board-pack/definitions	list_definitions
reporting	POST	/api/v1/board-pack/definitions	create_definition
reporting	GET	/api/v1/board-pack/definitions/{id}/versions	list_definition_versions
reporting	GET	/api/v1/board-pack/inclusion-rules	list_inclusion_rules
reporting	POST	/api/v1/board-pack/inclusion-rules	create_inclusion_rule
reporting	GET	/api/v1/board-pack/inclusion-rules/{id}/versions	list_inclusion_rule_versions
reporting	GET	/api/v1/board-pack/narrative-templates	list_narrative_templates
reporting	POST	/api/v1/board-pack/narrative-templates	create_narrative_template
reporting	GET	/api/v1/board-pack/narrative-templates/{id}/versions	list_narrative_template_versions
reporting	POST	/api/v1/board-pack/runs	create_run
reporting	GET	/api/v1/board-pack/runs/{id}	get_run
reporting	GET	/api/v1/board-pack/runs/{id}/evidence	list_evidence_for_run
reporting	POST	/api/v1/board-pack/runs/{id}/execute	execute_run
reporting	GET	/api/v1/board-pack/runs/{id}/narratives	list_narratives_for_run
reporting	GET	/api/v1/board-pack/runs/{id}/sections	list_sections_for_run
reporting	GET	/api/v1/board-pack/runs/{id}/summary	run_summary
reporting	GET	/api/v1/board-pack/sections	list_sections
reporting	POST	/api/v1/board-pack/sections	create_section
reporting	GET	/api/v1/board-pack/sections/{id}/versions	list_section_versions
reporting	GET	/api/v1/board-packs/definitions	list_definitions
reporting	POST	/api/v1/board-packs/definitions	create_definition
reporting	DELETE	/api/v1/board-packs/definitions/{definition_id}	deactivate_definition
reporting	GET	/api/v1/board-packs/definitions/{definition_id}	get_definition
reporting	PATCH	/api/v1/board-packs/definitions/{definition_id}	update_definition
reporting	POST	/api/v1/board-packs/generate	generate_pack
reporting	GET	/api/v1/board-packs/runs	list_runs
reporting	GET	/api/v1/board-packs/runs/{run_id}	get_run
reporting	GET	/api/v1/board-packs/runs/{run_id}/artifacts	list_artifacts
reporting	GET	/api/v1/board-packs/runs/{run_id}/download/{format}	download_artifact
reporting	GET	/api/v1/board-packs/runs/{run_id}/sections	list_sections
misc	GET	/api/v1/budget/versions	list_versions
misc	POST	/api/v1/budget/versions	create_version
misc	GET	/api/v1/budget/versions/{version_id}	get_version
misc	POST	/api/v1/budget/versions/{version_id}/approve	approve
misc	POST	/api/v1/budget/versions/{version_id}/lines	add_line
misc	GET	/api/v1/budget/vs-actual	vs_actual
misc	GET	/api/v1/budget/vs-actual/export	export_vs_actual
accounting	GET	/api/v1/cash-flow/bridge-rules	list_bridge_rules
accounting	POST	/api/v1/cash-flow/bridge-rules	create_bridge_rule
accounting	GET	/api/v1/cash-flow/bridge-rules/{id}/versions	list_bridge_rule_versions
accounting	GET	/api/v1/cash-flow/definitions	list_statement_definitions
accounting	POST	/api/v1/cash-flow/definitions	create_statement_definition
accounting	GET	/api/v1/cash-flow/definitions/{id}/versions	list_statement_definition_versions
accounting	GET	/api/v1/cash-flow/line-mappings	list_line_mappings
accounting	POST	/api/v1/cash-flow/line-mappings	create_line_mapping
accounting	GET	/api/v1/cash-flow/line-mappings/{id}/versions	list_line_mapping_versions
accounting	POST	/api/v1/cash-flow/runs	create_run
accounting	GET	/api/v1/cash-flow/runs/{id}	get_run
accounting	GET	/api/v1/cash-flow/runs/{id}/evidence	get_run_evidence
accounting	POST	/api/v1/cash-flow/runs/{id}/execute	execute_run
accounting	GET	/api/v1/cash-flow/runs/{id}/lines	get_run_lines
accounting	GET	/api/v1/cash-flow/runs/{id}/summary	get_run_summary
accounting	GET	/api/v1/close/analytics	get_analytics
accounting	GET	/api/v1/close/history	list_history
accounting	GET	/api/v1/close/templates	list_templates
accounting	POST	/api/v1/close/templates	create_template
accounting	POST	/api/v1/close/trigger	trigger_month_end_close
accounting	GET	/api/v1/close/{period}	get_or_create_checklist
accounting	PATCH	/api/v1/close/{period}/tasks/{task_id}	patch_task_status
accounting	POST	/api/v1/close/{period}/tasks/{task_id}/assign	assign_task
accounting	GET	/api/v1/close/{workflow_id}/status	get_month_end_close_status
accounting	GET	/api/v1/coa/erp-mappings	list_erp_mappings
accounting	POST	/api/v1/coa/erp-mappings/auto-suggest	auto_suggest_erp_mappings
accounting	POST	/api/v1/coa/erp-mappings/bulk-confirm	bulk_confirm_erp_mappings
accounting	GET	/api/v1/coa/erp-mappings/summary	get_erp_mapping_summary
accounting	GET	/api/v1/coa/erp-mappings/unmapped	get_unmapped_erp_accounts
accounting	PATCH	/api/v1/coa/erp-mappings/{mapping_id}/confirm	confirm_erp_mapping
accounting	GET	/api/v1/coa/fs-classifications	get_fs_classifications
accounting	GET	/api/v1/coa/fs-schedules	get_fs_schedules
accounting	GET	/api/v1/coa/templates	list_templates
accounting	GET	/api/v1/coa/templates/{template_id}/accounts	get_template_accounts
accounting	GET	/api/v1/coa/templates/{template_id}/hierarchy	get_template_hierarchy
accounting	GET	/api/v1/coa/tenant/accounts	get_tenant_accounts
accounting	POST	/api/v1/coa/tenant/accounts	add_tenant_custom_account
accounting	GET	/api/v1/coa/tenant/accounts/{account_id}	get_tenant_account_by_id
accounting	PATCH	/api/v1/coa/tenant/accounts/{account_id}	update_tenant_account
accounting	POST	/api/v1/coa/tenant/initialise	initialise_tenant_coa
accounting	POST	/api/v1/coa/trial-balance/classify	classify_trial_balance
accounting	POST	/api/v1/coa/trial-balance/classify-multi-entity	classify_multi_entity_trial_balance
accounting	GET	/api/v1/coa/trial-balance/export	export_classified_trial_balance
misc	POST	/api/v1/compliance/erasure	erasure_endpoint
misc	GET	/api/v1/compliance/erasure-log	erasure_log_endpoint
misc	POST	/api/v1/compliance/gdpr/breach	gdpr_breach_create
misc	GET	/api/v1/compliance/gdpr/breaches	gdpr_breach_list
misc	GET	/api/v1/compliance/gdpr/consent	gdpr_consent_list
misc	POST	/api/v1/compliance/gdpr/consent	gdpr_consent_create
misc	GET	/api/v1/compliance/gdpr/consent/summary	gdpr_consent_summary
misc	POST	/api/v1/compliance/gdpr/export	gdpr_export
misc	POST	/api/v1/compliance/gdpr/retention-check	gdpr_retention_check
misc	GET	/api/v1/compliance/iso27001/controls	iso_controls
misc	PATCH	/api/v1/compliance/iso27001/controls/{control_id}/status	iso_update_control_status
misc	GET	/api/v1/compliance/iso27001/dashboard	iso_dashboard
misc	POST	/api/v1/compliance/iso27001/evaluate	iso_evaluate
misc	GET	/api/v1/compliance/iso27001/evidence	iso_evidence
misc	GET	/api/v1/compliance/soc2/controls	soc2_controls
misc	PATCH	/api/v1/compliance/soc2/controls/{control_id}/status	soc2_update_control_status
misc	GET	/api/v1/compliance/soc2/dashboard	soc2_dashboard
misc	POST	/api/v1/compliance/soc2/evaluate	soc2_evaluate
misc	GET	/api/v1/compliance/soc2/evidence	soc2_evidence
reporting	GET	/api/v1/consolidation/adjustment-definitions	list_adjustment_definitions
reporting	POST	/api/v1/consolidation/adjustment-definitions	create_adjustment_definition
reporting	GET	/api/v1/consolidation/adjustment-definitions/{id}/versions	list_adjustment_definition_versions
reporting	GET	/api/v1/consolidation/export/{run_id}	get_consolidation_export_endpoint
reporting	GET	/api/v1/consolidation/hierarchies	list_hierarchies
reporting	POST	/api/v1/consolidation/hierarchies	create_hierarchy
reporting	GET	/api/v1/consolidation/hierarchies/{id}/versions	list_hierarchy_versions
reporting	GET	/api/v1/consolidation/ic-differences/{run_id}	get_consolidation_ic_differences_endpoint
reporting	GET	/api/v1/consolidation/intercompany-rules	list_intercompany_rules
reporting	POST	/api/v1/consolidation/intercompany-rules	create_intercompany_rule
reporting	GET	/api/v1/consolidation/intercompany-rules/{id}/versions	list_intercompany_rule_versions
reporting	GET	/api/v1/consolidation/results/{run_id}	get_consolidation_results_endpoint
reporting	GET	/api/v1/consolidation/rules	list_rules
reporting	POST	/api/v1/consolidation/rules	create_rule
reporting	GET	/api/v1/consolidation/rules/{id}/versions	list_rule_versions
reporting	POST	/api/v1/consolidation/run	start_consolidation_run_endpoint
reporting	GET	/api/v1/consolidation/run/{run_id}	get_consolidation_run_status_endpoint
reporting	GET	/api/v1/consolidation/run/{run_id}/accounts/{account_code}	get_consolidation_account_drilldown_endpoint
reporting	GET	/api/v1/consolidation/run/{run_id}/entities/{entity_id}	get_consolidation_entity_drilldown_endpoint
reporting	GET	/api/v1/consolidation/run/{run_id}/line-items/{line_item_id}	get_consolidation_line_item_drilldown_endpoint
reporting	GET	/api/v1/consolidation/run/{run_id}/snapshot-lines/{snapshot_line_id}	get_consolidation_snapshot_line_drilldown_endpoint
reporting	POST	/api/v1/consolidation/runs	create_run
reporting	GET	/api/v1/consolidation/runs/{id}	get_run
reporting	GET	/api/v1/consolidation/runs/{id}/anomalies	list_group_anomalies
reporting	GET	/api/v1/consolidation/runs/{id}/board-pack	get_group_board_pack
reporting	GET	/api/v1/consolidation/runs/{id}/evidence	list_evidence
reporting	POST	/api/v1/consolidation/runs/{id}/execute	execute_run
reporting	GET	/api/v1/consolidation/runs/{id}/metrics	list_metrics
reporting	GET	/api/v1/consolidation/runs/{id}/risks	list_group_risks
reporting	GET	/api/v1/consolidation/runs/{id}/summary	get_run_summary
reporting	GET	/api/v1/consolidation/runs/{id}/variances	list_variances
reporting	GET	/api/v1/consolidation/scopes	list_scopes
reporting	POST	/api/v1/consolidation/scopes	create_scope
reporting	GET	/api/v1/consolidation/scopes/{id}/versions	list_scope_versions
misc	POST	/api/v1/covenants	create_covenant_endpoint
misc	POST	/api/v1/covenants/check	run_check_endpoint
misc	GET	/api/v1/covenants/dashboard	covenant_dashboard_endpoint
misc	PATCH	/api/v1/covenants/{covenant_id}	patch_covenant_endpoint
misc	GET	/api/v1/covenants/{covenant_id}/history	history_endpoint
misc	GET	/api/v1/delivery/logs	list_logs
misc	GET	/api/v1/delivery/logs/{id}	get_log
misc	GET	/api/v1/delivery/schedules	list_schedules
misc	POST	/api/v1/delivery/schedules	create_schedule
misc	DELETE	/api/v1/delivery/schedules/{id}	delete_schedule
misc	GET	/api/v1/delivery/schedules/{id}	get_schedule
misc	PATCH	/api/v1/delivery/schedules/{id}	update_schedule
misc	POST	/api/v1/delivery/schedules/{id}/trigger	trigger_schedule
misc	POST	/api/v1/equity/line-definitions	create_line_definition
misc	GET	/api/v1/equity/rules	list_rules
misc	POST	/api/v1/equity/rules	create_rule
misc	GET	/api/v1/equity/rules/{id}/versions	list_rule_versions
misc	POST	/api/v1/equity/runs	create_run
misc	GET	/api/v1/equity/runs/{id}	get_run
misc	GET	/api/v1/equity/runs/{id}/evidence	get_run_evidence
misc	POST	/api/v1/equity/runs/{id}/execute	execute_run
misc	GET	/api/v1/equity/runs/{id}/lines	get_run_lines
misc	GET	/api/v1/equity/runs/{id}/statement	get_run_statement
misc	GET	/api/v1/equity/runs/{id}/summary	get_run_summary
misc	POST	/api/v1/equity/source-mappings	create_source_mapping
misc	GET	/api/v1/equity/statements	list_statement_definitions
misc	POST	/api/v1/equity/statements	create_statement_definition
misc	GET	/api/v1/equity/statements/{id}/versions	list_statement_definition_versions
accounting	POST	/api/v1/erp-push/erp-push/jv/{jv_id}/push	push_jv_endpoint
accounting	POST	/api/v1/erp-push/erp-push/jv/{jv_id}/push-async	push_jv_async_endpoint
accounting	GET	/api/v1/erp-push/erp-push/jv/{jv_id}/push-status	get_push_status_endpoint
accounting	POST	/api/v1/erp-push/webhooks/qbo	qbo_webhook_endpoint
accounting	POST	/api/v1/erp-push/webhooks/tally	tally_webhook_endpoint
accounting	POST	/api/v1/erp-push/webhooks/zoho	zoho_webhook_endpoint
accounting	POST	/api/v1/erp-sync/backdated-alerts/{id}/acknowledge	acknowledge_backdated_alert
accounting	GET	/api/v1/erp-sync/connections	list_connections
accounting	POST	/api/v1/erp-sync/connections	create_connection
accounting	GET	/api/v1/erp-sync/connections/{connection_id}/oauth/callback	oauth_callback
accounting	POST	/api/v1/erp-sync/connections/{connection_id}/oauth/start	oauth_start
accounting	GET	/api/v1/erp-sync/connections/{id}	get_connection
accounting	POST	/api/v1/erp-sync/connections/{id}/activate	activate_connection
accounting	GET	/api/v1/erp-sync/connections/{id}/capabilities	list_connection_capabilities
accounting	POST	/api/v1/erp-sync/connections/{id}/revoke	revoke_connection
accounting	POST	/api/v1/erp-sync/connections/{id}/rotate-credentials	rotate_credentials
accounting	POST	/api/v1/erp-sync/connections/{id}/suspend	suspend_connection
accounting	POST	/api/v1/erp-sync/connections/{id}/test	test_connection
accounting	POST	/api/v1/erp-sync/connections/{id}/upgrade-connector-version	upgrade_connector_version
accounting	GET	/api/v1/erp-sync/connections/{id}/versions	list_connection_versions
accounting	GET	/api/v1/erp-sync/connectors	list_connectors
accounting	GET	/api/v1/erp-sync/connectors/{connector_type}/capabilities	get_connector_capabilities
accounting	GET	/api/v1/erp-sync/connectors/{connector_type}/versions	get_connector_versions
accounting	GET	/api/v1/erp-sync/datasets	list_datasets
accounting	GET	/api/v1/erp-sync/datasets/{dataset_type}	get_dataset
accounting	GET	/api/v1/erp-sync/datasets/{dataset_type}/periods	get_dataset_periods
accounting	POST	/api/v1/erp-sync/datasets/{dataset_type}/preview	preview_dataset
accounting	GET	/api/v1/erp-sync/datasets/{dataset_type}/template	get_dataset_template
accounting	GET	/api/v1/erp-sync/drift-reports	list_drift_reports
accounting	GET	/api/v1/erp-sync/drift-reports/{id}	get_drift_report
accounting	GET	/api/v1/erp-sync/health	get_sync_health
accounting	GET	/api/v1/erp-sync/health/alerts	list_health_alerts
accounting	GET	/api/v1/erp-sync/health/{connection_id}	get_connection_health
accounting	GET	/api/v1/erp-sync/mappings	list_mappings
accounting	POST	/api/v1/erp-sync/mappings	create_mapping
accounting	GET	/api/v1/erp-sync/mappings/{id}	get_mapping
accounting	GET	/api/v1/erp-sync/mappings/{id}/versions	list_mapping_versions
accounting	POST	/api/v1/erp-sync/mappings/{id}/versions	create_mapping_version
accounting	POST	/api/v1/erp-sync/mappings/{id}/versions/{vid}/activate	activate_mapping_version
accounting	GET	/api/v1/erp-sync/period-locks	list_period_locks
accounting	POST	/api/v1/erp-sync/period-locks	create_period_lock
accounting	GET	/api/v1/erp-sync/publish-events	list_publish_events
accounting	GET	/api/v1/erp-sync/publish-events/{id}	get_publish_event
accounting	POST	/api/v1/erp-sync/publish-events/{id}/approve	approve_publish_event
accounting	POST	/api/v1/erp-sync/publish-events/{id}/reject	reject_publish_event
accounting	GET	/api/v1/erp-sync/sync-definitions	list_sync_definitions
accounting	POST	/api/v1/erp-sync/sync-definitions	create_sync_definition
accounting	GET	/api/v1/erp-sync/sync-definitions/{id}	get_sync_definition
accounting	POST	/api/v1/erp-sync/sync-definitions/{id}/retire	retire_sync_definition
accounting	POST	/api/v1/erp-sync/sync-definitions/{id}/supersede	supersede_sync_definition
accounting	GET	/api/v1/erp-sync/sync-runs	list_sync_runs
accounting	POST	/api/v1/erp-sync/sync-runs	create_sync_run
accounting	GET	/api/v1/erp-sync/sync-runs/{id}	get_sync_run
accounting	GET	/api/v1/erp-sync/sync-runs/{id}/drift-report	get_sync_run_drift_report
accounting	GET	/api/v1/erp-sync/sync-runs/{id}/errors	get_sync_run_errors
accounting	GET	/api/v1/erp-sync/sync-runs/{id}/evidence	get_sync_run_evidence
accounting	POST	/api/v1/erp-sync/sync-runs/{id}/publish	publish_sync_run
accounting	POST	/api/v1/erp-sync/sync-runs/{id}/replay	replay_sync_run
accounting	POST	/api/v1/erp-sync/sync-runs/{id}/resume	resume_sync_run
misc	GET	/api/v1/expenses	list_expenses
misc	POST	/api/v1/expenses	submit_expense
misc	GET	/api/v1/expenses/analytics	analytics
misc	GET	/api/v1/expenses/policy	get_policy
misc	PATCH	/api/v1/expenses/policy	patch_policy
misc	GET	/api/v1/expenses/{claim_id}	get_expense_claim
misc	POST	/api/v1/expenses/{claim_id}/approve	approve_expense_claim
misc	GET	/api/v1/financial-risk/materiality-rules	list_materiality_rules
misc	POST	/api/v1/financial-risk/materiality-rules	create_materiality_rule
misc	GET	/api/v1/financial-risk/materiality-rules/{id}/versions	list_materiality_rule_versions
misc	GET	/api/v1/financial-risk/risk-definitions	list_risk_definitions
misc	POST	/api/v1/financial-risk/risk-definitions	create_risk_definition
misc	GET	/api/v1/financial-risk/risk-definitions/{id}/versions	list_risk_definition_versions
misc	GET	/api/v1/financial-risk/risk-weights	list_risk_weights
misc	POST	/api/v1/financial-risk/risk-weights	create_risk_weight
misc	GET	/api/v1/financial-risk/risk-weights/{id}/versions	list_risk_weight_versions
misc	POST	/api/v1/financial-risk/runs	create_run
misc	GET	/api/v1/financial-risk/runs/{id}	get_run
misc	GET	/api/v1/financial-risk/runs/{id}/evidence	list_run_evidence
misc	POST	/api/v1/financial-risk/runs/{id}/execute	execute_run
misc	GET	/api/v1/financial-risk/runs/{id}/results	list_run_results
misc	GET	/api/v1/financial-risk/runs/{id}/rollforwards	list_run_rollforwards
misc	GET	/api/v1/financial-risk/runs/{id}/signals	list_run_signals
misc	GET	/api/v1/financial-risk/runs/{id}/summary	get_run_summary
misc	GET	/api/v1/fixed-assets	get_assets
misc	POST	/api/v1/fixed-assets	create_asset
misc	GET	/api/v1/fixed-assets/asset-classes	get_asset_classes
misc	POST	/api/v1/fixed-assets/asset-classes	create_asset_class
misc	PATCH	/api/v1/fixed-assets/asset-classes/{asset_class_id}	update_asset_class
misc	GET	/api/v1/fixed-assets/register	get_register
misc	GET	/api/v1/fixed-assets/results/{run_id}	get_fixed_assets_results_endpoint
misc	POST	/api/v1/fixed-assets/run	start_fixed_assets_run_endpoint
misc	POST	/api/v1/fixed-assets/run-period-depreciation	run_period_depreciation
misc	GET	/api/v1/fixed-assets/run/{run_id}	get_fixed_assets_run_status_endpoint
misc	GET	/api/v1/fixed-assets/run/{run_id}/assets/{asset_id}	get_fixed_asset_drill_endpoint
misc	GET	/api/v1/fixed-assets/run/{run_id}/depreciation-lines/{line_id}	get_fixed_asset_depreciation_drill_endpoint
misc	GET	/api/v1/fixed-assets/run/{run_id}/disposals/{disposal_id}	get_fixed_asset_disposal_drill_endpoint
misc	GET	/api/v1/fixed-assets/run/{run_id}/impairments/{impairment_id}	get_fixed_asset_impairment_drill_endpoint
misc	GET	/api/v1/fixed-assets/run/{run_id}/journal-entries/{journal_id}	get_fixed_asset_journal_drill_endpoint
misc	GET	/api/v1/fixed-assets/{asset_id}	get_asset
misc	PATCH	/api/v1/fixed-assets/{asset_id}	update_asset
misc	GET	/api/v1/fixed-assets/{asset_id}/depreciation-history	get_depreciation_history
misc	POST	/api/v1/fixed-assets/{asset_id}/depreciation-run	run_asset_depreciation
misc	POST	/api/v1/fixed-assets/{asset_id}/dispose	dispose_asset
misc	POST	/api/v1/fixed-assets/{asset_id}/impairment	post_impairment
misc	GET	/api/v1/fixed-assets/{asset_id}/impairment-history	get_impairment_history
misc	POST	/api/v1/fixed-assets/{asset_id}/revaluation	post_revaluation
misc	GET	/api/v1/fixed-assets/{asset_id}/revaluation-history	get_revaluation_history
misc	GET	/api/v1/forecast	list_runs
misc	POST	/api/v1/forecast	create_run
misc	GET	/api/v1/forecast/{run_id}	get_run
misc	PATCH	/api/v1/forecast/{run_id}/assumptions/{key}	patch_assumption
misc	POST	/api/v1/forecast/{run_id}/compute	compute
misc	GET	/api/v1/forecast/{run_id}/export	export_run
misc	POST	/api/v1/forecast/{run_id}/publish	publish
misc	GET	/api/v1/forecast/{run_id}/vs-budget	vs_budget
misc	POST	/api/v1/fx/apply-month-end	apply_month_end_endpoint
misc	GET	/api/v1/fx/compare	compare_rates_endpoint
misc	POST	/api/v1/fx/convert-daily	convert_daily_endpoint
misc	POST	/api/v1/fx/fetch-live	fetch_live_rates_endpoint
misc	GET	/api/v1/fx/manual-monthly	list_manual_monthly_rates_endpoint
misc	POST	/api/v1/fx/manual-monthly	create_manual_monthly_rate_endpoint
misc	GET	/api/v1/fx/rate-policies	list_rate_selection_policies
misc	POST	/api/v1/fx/rate-policies	create_rate_selection_policy
misc	GET	/api/v1/fx/rate-policies/{id}/versions	list_rate_selection_policy_versions
misc	GET	/api/v1/fx/reporting-currencies	list_reporting_currency_definitions
misc	POST	/api/v1/fx/reporting-currencies	create_reporting_currency_definition
misc	GET	/api/v1/fx/reporting-currencies/{id}/versions	list_reporting_currency_definition_versions
misc	POST	/api/v1/fx/runs	create_fx_translation_run
misc	GET	/api/v1/fx/runs/{id}	get_fx_translation_run
misc	GET	/api/v1/fx/runs/{id}/anomalies	list_fx_translated_anomalies
misc	GET	/api/v1/fx/runs/{id}/board-pack	get_fx_translated_board_pack
misc	GET	/api/v1/fx/runs/{id}/evidence	list_fx_translation_evidence
misc	POST	/api/v1/fx/runs/{id}/execute	execute_fx_translation_run
misc	GET	/api/v1/fx/runs/{id}/metrics	list_fx_translated_metrics
misc	GET	/api/v1/fx/runs/{id}/risks	list_fx_translated_risks
misc	GET	/api/v1/fx/runs/{id}/summary	get_fx_translation_run_summary
misc	GET	/api/v1/fx/runs/{id}/variances	list_fx_translated_variances
misc	GET	/api/v1/fx/translation-rules	list_translation_rule_definitions
misc	POST	/api/v1/fx/translation-rules	create_translation_rule_definition
misc	GET	/api/v1/fx/translation-rules/{id}/versions	list_translation_rule_definition_versions
misc	POST	/api/v1/fx/variance	compute_variance_endpoint
misc	GET	/api/v1/gaap/comparison	comparison_endpoint
misc	POST	/api/v1/gaap/compute	compute_endpoint
misc	GET	/api/v1/gaap/config	get_config_endpoint
misc	PATCH	/api/v1/gaap/config	patch_config_endpoint
misc	GET	/api/v1/gaap/{gaap_framework}/{period}	get_specific_endpoint
misc	GET	/api/v1/gst/recon-items	list_gst_recon_items_endpoint
misc	POST	/api/v1/gst/reconcile	run_gst_recon
misc	GET	/api/v1/gst/returns	list_returns
misc	POST	/api/v1/gst/returns	create_return
misc	GET	/api/v1/gst/returns/{return_id}	get_return
misc	GET	/api/v1/health	health_check
misc	GET	/api/v1/health/ai	health_ai
misc	GET	/api/v1/health/deep	deep_health_check
misc	GET	/api/v1/health/queues	health_queues
misc	GET	/api/v1/health/temporal	health_temporal
misc	GET	/api/v1/health/workers	health_workers
misc	POST	/api/v1/ingestion/email/ingest	email_ingest_endpoint
misc	GET	/api/v1/ingestion/vendor-portal/status/{reference_id}	vendor_portal_status_endpoint
misc	POST	/api/v1/ingestion/vendor-portal/submit	vendor_portal_submit_endpoint
misc	GET	/api/v1/invoice-classifier	get_classifications
misc	POST	/api/v1/invoice-classifier/classify	classify_invoice
misc	GET	/api/v1/invoice-classifier/queue	get_review_queue
misc	GET	/api/v1/invoice-classifier/rules	get_rules
misc	POST	/api/v1/invoice-classifier/rules	create_rule
misc	DELETE	/api/v1/invoice-classifier/rules/{rule_id}	delete_rule
misc	PATCH	/api/v1/invoice-classifier/rules/{rule_id}	patch_rule
misc	POST	/api/v1/invoice-classifier/{classification_id}/review	review_classification
misc	POST	/api/v1/invoice-classifier/{classification_id}/route	route_classification
misc	GET	/api/v1/learning/benchmark/results	benchmark_results_endpoint
misc	POST	/api/v1/learning/benchmark/run	run_benchmark_endpoint
misc	POST	/api/v1/learning/corrections/{correction_id}/validate	validate_correction_endpoint
misc	POST	/api/v1/learning/signal	capture_signal_endpoint
misc	GET	/api/v1/learning/stats	learning_stats_endpoint
accounting	GET	/api/v1/lease/results/{run_id}	get_lease_results_endpoint
accounting	POST	/api/v1/lease/run	start_lease_run_endpoint
accounting	GET	/api/v1/lease/run/{run_id}	get_lease_run_status_endpoint
accounting	GET	/api/v1/lease/run/{run_id}/journal-entries/{journal_id}	get_lease_journal_drill_endpoint
accounting	GET	/api/v1/lease/run/{run_id}/leases/{lease_id}	get_lease_contract_drill_endpoint
accounting	GET	/api/v1/lease/run/{run_id}/liability-lines/{line_id}	get_lease_liability_drill_endpoint
accounting	GET	/api/v1/lease/run/{run_id}/payments/{payment_id}	get_lease_payment_drill_endpoint
accounting	GET	/api/v1/lease/run/{run_id}/rou-lines/{line_id}	get_lease_rou_drill_endpoint
misc	GET	/api/v1/locations	get_locations
misc	POST	/api/v1/locations	create_location
misc	GET	/api/v1/locations/cost-centres	get_cost_centres
misc	POST	/api/v1/locations/cost-centres	create_cost_centre
misc	GET	/api/v1/locations/cost-centres/tree	get_cost_centre_tree
misc	PATCH	/api/v1/locations/cost-centres/{cost_centre_id}	patch_cost_centre
misc	GET	/api/v1/locations/state-codes	get_state_codes
misc	GET	/api/v1/locations/validate-gstin	validate_gstin_endpoint
misc	GET	/api/v1/locations/{location_id}	get_location
misc	PATCH	/api/v1/locations/{location_id}	patch_location
misc	POST	/api/v1/locations/{location_id}/set-primary	set_primary_location
misc	POST	/api/v1/marketplace/admin/payouts/process	admin_process_payouts_endpoint
misc	GET	/api/v1/marketplace/admin/pending	admin_pending_templates_endpoint
misc	GET	/api/v1/marketplace/admin/stats	admin_marketplace_stats_endpoint
misc	POST	/api/v1/marketplace/admin/templates/{template_id}/review	admin_review_template_endpoint
misc	GET	/api/v1/marketplace/contributor/dashboard	contributor_dashboard_endpoint
misc	POST	/api/v1/marketplace/contributor/register	register_contributor_endpoint
misc	POST	/api/v1/marketplace/contributor/templates	submit_template_endpoint
misc	PATCH	/api/v1/marketplace/contributor/templates/{template_id}	update_contributor_template_endpoint
misc	GET	/api/v1/marketplace/templates	list_templates_endpoint
misc	GET	/api/v1/marketplace/templates/{template_id}	get_template_endpoint
misc	POST	/api/v1/marketplace/templates/{template_id}/purchase	purchase_template_endpoint
misc	POST	/api/v1/marketplace/templates/{template_id}/rate	rate_template_endpoint
reporting	GET	/api/v1/mis/drift-events/{id}	get_drift_event
reporting	GET	/api/v1/mis/reports/{report_id}	get_mis_report
reporting	POST	/api/v1/mis/snapshots/upload	upload_snapshot
reporting	GET	/api/v1/mis/snapshots/{id}	get_snapshot
reporting	GET	/api/v1/mis/snapshots/{id}/exceptions	get_snapshot_exceptions
reporting	POST	/api/v1/mis/snapshots/{id}/finalize	finalize_snapshot
reporting	GET	/api/v1/mis/snapshots/{id}/normalized-lines	get_normalized_lines
reporting	GET	/api/v1/mis/snapshots/{id}/summary	get_snapshot_summary
reporting	POST	/api/v1/mis/snapshots/{id}/validate	validate_snapshot
reporting	GET	/api/v1/mis/templates	list_templates
reporting	POST	/api/v1/mis/templates/commit-version	commit_template_version
reporting	POST	/api/v1/mis/templates/detect	detect_template
reporting	GET	/api/v1/mis/templates/{id}/versions	list_template_versions
accounting	GET	/api/v1/monthend/	list_monthend_checklists
accounting	POST	/api/v1/monthend/	create_monthend_checklist
accounting	GET	/api/v1/monthend/{checklist_id}	get_monthend_checklist
accounting	POST	/api/v1/monthend/{checklist_id}/close	close_monthend_checklist
accounting	POST	/api/v1/monthend/{checklist_id}/tasks	add_checklist_task
accounting	PATCH	/api/v1/monthend/{checklist_id}/tasks/{task_id}	update_task
accounting	POST	/api/v1/normalization/runs/upload	upload_run
accounting	GET	/api/v1/normalization/runs/{id}	get_run
accounting	GET	/api/v1/normalization/runs/{id}/exceptions	get_run_exceptions
accounting	POST	/api/v1/normalization/runs/{id}/finalize	finalize_run
accounting	GET	/api/v1/normalization/runs/{id}/gl-lines	get_gl_lines
accounting	GET	/api/v1/normalization/runs/{id}/payroll-lines	get_payroll_lines
accounting	GET	/api/v1/normalization/runs/{id}/summary	get_run_summary
accounting	POST	/api/v1/normalization/runs/{id}/validate	validate_run
accounting	GET	/api/v1/normalization/sources	list_sources
accounting	POST	/api/v1/normalization/sources/commit-version	commit_source_version
accounting	POST	/api/v1/normalization/sources/detect	detect_source
accounting	GET	/api/v1/normalization/sources/{id}/versions	list_source_versions
misc	GET	/api/v1/notifications	list_notifications_endpoint
misc	GET	/api/v1/notifications/preferences	get_preferences_endpoint
misc	PATCH	/api/v1/notifications/preferences	update_preferences_endpoint
misc	POST	/api/v1/notifications/read	mark_as_read_endpoint
misc	POST	/api/v1/notifications/read-all	mark_all_as_read_endpoint
misc	GET	/api/v1/notifications/stream	stream_notifications_endpoint
misc	GET	/api/v1/notifications/unread-count	unread_count_endpoint
reporting	POST	/api/v1/observability/diff	create_diff
reporting	GET	/api/v1/observability/diff/{id}	get_diff
reporting	GET	/api/v1/observability/events/{run_id}	list_events
reporting	GET	/api/v1/observability/graph/{run_id}	get_graph
reporting	GET	/api/v1/observability/performance/{run_id}	get_performance
reporting	POST	/api/v1/observability/replay-validate/{run_id}	replay_validate
reporting	GET	/api/v1/observability/runs	list_runs
reporting	GET	/api/v1/observability/runs/{id}	get_run
reporting	GET	/api/v1/observability/runs/{id}/dependencies	get_run_dependencies
onboarding	POST	/api/v1/onboarding/apply	apply_onboarding_template
onboarding	POST	/api/v1/onboarding/complete	finish_onboarding
onboarding	GET	/api/v1/onboarding/state	get_onboarding_state
onboarding	PATCH	/api/v1/onboarding/state	patch_onboarding_state
onboarding	GET	/api/v1/onboarding/templates	list_templates
onboarding	GET	/api/v1/onboarding/templates/{template_id}	get_template_detail
onboarding	GET	/api/v1/org-setup/entities	list_entities
onboarding	GET	/api/v1/org-setup/entities/{entity_id}	get_entity
onboarding	PATCH	/api/v1/org-setup/entities/{entity_id}	update_entity
onboarding	GET	/api/v1/org-setup/ownership-tree	get_ownership_tree
onboarding	GET	/api/v1/org-setup/progress	get_progress
onboarding	POST	/api/v1/org-setup/step1	submit_step1
onboarding	POST	/api/v1/org-setup/step2	submit_step2
onboarding	POST	/api/v1/org-setup/step3	submit_step3
onboarding	POST	/api/v1/org-setup/step4	submit_step4
onboarding	POST	/api/v1/org-setup/step5	submit_step5
onboarding	POST	/api/v1/org-setup/step6	submit_step6
onboarding	GET	/api/v1/org-setup/summary	get_setup_summary
reporting	GET	/api/v1/ownership/minority-interest-rules	list_minority_interest_rules
reporting	POST	/api/v1/ownership/minority-interest-rules	create_minority_interest_rule
reporting	GET	/api/v1/ownership/minority-interest-rules/{id}/versions	list_minority_interest_rule_versions
reporting	GET	/api/v1/ownership/relationships	list_relationships
reporting	POST	/api/v1/ownership/relationships	create_relationship
reporting	GET	/api/v1/ownership/relationships/{id}/versions	list_relationship_versions
reporting	GET	/api/v1/ownership/rules	list_ownership_rules
reporting	POST	/api/v1/ownership/rules	create_ownership_rule
reporting	GET	/api/v1/ownership/rules/{id}/versions	list_ownership_rule_versions
reporting	POST	/api/v1/ownership/runs	create_run
reporting	GET	/api/v1/ownership/runs/{id}	get_run
reporting	GET	/api/v1/ownership/runs/{id}/anomalies	list_anomalies
reporting	GET	/api/v1/ownership/runs/{id}/board-pack	get_board_pack
reporting	GET	/api/v1/ownership/runs/{id}/evidence	list_evidence
reporting	POST	/api/v1/ownership/runs/{id}/execute	execute_run
reporting	GET	/api/v1/ownership/runs/{id}/metrics	list_metrics
reporting	GET	/api/v1/ownership/runs/{id}/risks	list_risks
reporting	GET	/api/v1/ownership/runs/{id}/summary	get_run_summary
reporting	GET	/api/v1/ownership/runs/{id}/variances	list_variances
reporting	GET	/api/v1/ownership/structures	list_structures
reporting	POST	/api/v1/ownership/structures	create_structure
reporting	GET	/api/v1/ownership/structures/{id}/versions	list_structure_versions
misc	GET	/api/v1/partner/admin/applications	admin_applications_endpoint
misc	GET	/api/v1/partner/admin/stats	admin_partner_stats_endpoint
misc	POST	/api/v1/partner/admin/{partner_id}/approve	admin_approve_partner_endpoint
misc	GET	/api/v1/partner/commissions	commissions_endpoint
misc	GET	/api/v1/partner/dashboard	dashboard_endpoint
misc	GET	/api/v1/partner/payouts	payouts_endpoint
misc	GET	/api/v1/partner/referrals	referrals_endpoint
misc	POST	/api/v1/partner/register	register_partner_endpoint
misc	POST	/api/v1/partner/track	track_referral_endpoint
accounting	POST	/api/v1/payroll-gl-reconciliation/lines/{id}/attach-evidence	attach_evidence
accounting	POST	/api/v1/payroll-gl-reconciliation/lines/{id}/reopen	reopen_line
accounting	POST	/api/v1/payroll-gl-reconciliation/lines/{id}/resolve	resolve_line
accounting	GET	/api/v1/payroll-gl-reconciliation/mappings	list_mappings
accounting	POST	/api/v1/payroll-gl-reconciliation/mappings	create_mapping
accounting	GET	/api/v1/payroll-gl-reconciliation/mappings/{id}/versions	list_mapping_versions
accounting	GET	/api/v1/payroll-gl-reconciliation/rules	list_rules
accounting	POST	/api/v1/payroll-gl-reconciliation/rules	create_rule
accounting	GET	/api/v1/payroll-gl-reconciliation/rules/{id}/versions	list_rule_versions
accounting	POST	/api/v1/payroll-gl-reconciliation/runs	create_run
accounting	GET	/api/v1/payroll-gl-reconciliation/runs/{id}	get_run
accounting	GET	/api/v1/payroll-gl-reconciliation/runs/{id}/exceptions	list_exceptions
accounting	POST	/api/v1/payroll-gl-reconciliation/runs/{id}/execute	execute_run
accounting	GET	/api/v1/payroll-gl-reconciliation/runs/{id}/lines	list_lines
accounting	GET	/api/v1/payroll-gl-reconciliation/runs/{id}/summary	get_run_summary
reporting	GET	/api/v1/pipeline/runs	list_pipeline_runs
reporting	GET	/api/v1/pipeline/runs/{pipeline_run_id}	get_pipeline_run_detail
reporting	GET	/api/v1/pipeline/runs/{pipeline_run_id}/steps	get_pipeline_run_steps
reporting	POST	/api/v1/pipeline/trigger	trigger_pipeline_run
misc	GET	/api/v1/platform/entities	list_entities_endpoint
misc	GET	/api/v1/platform/entities/{entity_id}	get_entity_endpoint
misc	POST	/api/v1/platform/flags/evaluate	evaluate_feature_flag_endpoint
misc	POST	/api/v1/platform/flags/tenants/{tenant_id}	create_feature_flag_endpoint
misc	GET	/api/v1/platform/isolation/tenants/{tenant_id}	resolve_route_endpoint
misc	POST	/api/v1/platform/isolation/tenants/{tenant_id}	create_route_endpoint
misc	POST	/api/v1/platform/modules	create_module_endpoint
misc	POST	/api/v1/platform/modules/authorize	authorize_finance_execution
misc	POST	/api/v1/platform/modules/finance-exec-probe	finance_execution_probe
misc	POST	/api/v1/platform/modules/packages	create_package_endpoint
misc	POST	/api/v1/platform/modules/tenants/{tenant_id}/enablement	set_module_enablement_endpoint
misc	POST	/api/v1/platform/modules/tenants/{tenant_id}/packages	assign_package_endpoint
onboarding	POST	/api/v1/platform/org/assignments/entity	assign_entity_endpoint
onboarding	POST	/api/v1/platform/org/assignments/organisation	assign_org_endpoint
onboarding	POST	/api/v1/platform/org/entities	create_entity_endpoint
onboarding	POST	/api/v1/platform/org/groups	create_group_endpoint
onboarding	POST	/api/v1/platform/org/organisations	create_organisation_endpoint
misc	POST	/api/v1/platform/quotas/check	quota_check_endpoint
misc	POST	/api/v1/platform/quotas/tenants/{tenant_id}/assignments	assign_quota_endpoint
misc	POST	/api/v1/platform/rbac/assignments	assign_user_role_endpoint
misc	POST	/api/v1/platform/rbac/permissions	create_permission_endpoint
misc	POST	/api/v1/platform/rbac/role-permissions	grant_role_permission_endpoint
misc	POST	/api/v1/platform/rbac/roles	create_role_endpoint
misc	GET	/api/v1/platform/services/dashboard	dashboard_endpoint
misc	POST	/api/v1/platform/services/health-check	health_check_endpoint
misc	GET	/api/v1/platform/services/modules	list_modules_endpoint
misc	PATCH	/api/v1/platform/services/modules/{module_name}/toggle	toggle_module_endpoint
misc	GET	/api/v1/platform/services/tasks	list_tasks_endpoint
onboarding	POST	/api/v1/platform/tenants/onboard	onboard_tenant_endpoint
misc	GET	/api/v1/platform/tenants/{tenant_id}	get_tenant_endpoint
misc	GET	/api/v1/platform/users	list_platform_users
misc	POST	/api/v1/platform/users	create_platform_user
misc	GET	/api/v1/platform/users/me	get_platform_me
misc	DELETE	/api/v1/platform/users/{user_id}	deactivate_platform_user
misc	PATCH	/api/v1/platform/users/{user_id}/role	update_platform_role
misc	POST	/api/v1/platform/workflows/approvals	submit_approval_endpoint
misc	POST	/api/v1/platform/workflows/instances	create_instance_endpoint
misc	GET	/api/v1/platform/workflows/instances/{workflow_instance_id}/status	get_workflow_status_endpoint
misc	POST	/api/v1/platform/workflows/template-versions	create_template_version_endpoint
misc	POST	/api/v1/platform/workflows/templates	create_template_endpoint
accounting	GET	/api/v1/prepaid	get_schedules
accounting	POST	/api/v1/prepaid	create_schedule
accounting	GET	/api/v1/prepaid/results/{run_id}	get_prepaid_results_endpoint
accounting	POST	/api/v1/prepaid/run	start_prepaid_run_endpoint
accounting	POST	/api/v1/prepaid/run-period	run_period
accounting	GET	/api/v1/prepaid/run/{run_id}	get_prepaid_run_status_endpoint
accounting	GET	/api/v1/prepaid/run/{run_id}/journal-entries/{journal_id}	get_prepaid_journal_drill_endpoint
accounting	GET	/api/v1/prepaid/run/{run_id}/prepaids/{prepaid_id}	get_prepaid_registry_drill_endpoint
accounting	GET	/api/v1/prepaid/run/{run_id}/schedule-lines/{schedule_id}	get_prepaid_schedule_drill_endpoint
accounting	GET	/api/v1/prepaid/{schedule_id}	get_schedule
accounting	PATCH	/api/v1/prepaid/{schedule_id}	patch_schedule
accounting	GET	/api/v1/prepaid/{schedule_id}/entries	get_entries
accounting	GET	/api/v1/prepaid/{schedule_id}/schedule	get_amortisation_schedule
reporting	GET	/api/v1/ratio-variance/materiality-rules	list_materiality_rules
reporting	POST	/api/v1/ratio-variance/materiality-rules	create_materiality_rule
reporting	GET	/api/v1/ratio-variance/materiality-rules/{id}/versions	list_materiality_rule_versions
reporting	GET	/api/v1/ratio-variance/metric-definitions	list_metric_definitions
reporting	POST	/api/v1/ratio-variance/metric-definitions	create_metric_definition
reporting	GET	/api/v1/ratio-variance/metric-definitions/{id}/versions	list_metric_definition_versions
reporting	POST	/api/v1/ratio-variance/runs	create_run
reporting	GET	/api/v1/ratio-variance/runs/{id}	get_run
reporting	GET	/api/v1/ratio-variance/runs/{id}/evidence	list_evidence
reporting	POST	/api/v1/ratio-variance/runs/{id}/execute	execute_run
reporting	GET	/api/v1/ratio-variance/runs/{id}/metrics	list_metrics
reporting	GET	/api/v1/ratio-variance/runs/{id}/summary	get_summary
reporting	GET	/api/v1/ratio-variance/runs/{id}/trends	list_trends
reporting	GET	/api/v1/ratio-variance/runs/{id}/variances	list_variances
reporting	GET	/api/v1/ratio-variance/trend-definitions	list_trend_definitions
reporting	POST	/api/v1/ratio-variance/trend-definitions	create_trend_definition
reporting	GET	/api/v1/ratio-variance/trend-definitions/{id}/versions	list_trend_definition_versions
reporting	GET	/api/v1/ratio-variance/variance-definitions	list_variance_definitions
reporting	POST	/api/v1/ratio-variance/variance-definitions	create_variance_definition
reporting	GET	/api/v1/ratio-variance/variance-definitions/{id}/versions	list_variance_definition_versions
accounting	GET	/api/v1/recon/gl-entries	list_gl_entries_endpoint
accounting	POST	/api/v1/recon/gl-entries	import_gl_entry
accounting	GET	/api/v1/recon/items	list_reconciliation_items
accounting	POST	/api/v1/recon/run	run_reconciliation
accounting	GET	/api/v1/recon/tb-rows	list_tb_rows_endpoint
accounting	POST	/api/v1/recon/tb-rows	import_tb_row
accounting	POST	/api/v1/reconciliation/lines/{id}/attach-evidence	attach_reconciliation_line_evidence
accounting	POST	/api/v1/reconciliation/lines/{id}/explain	add_reconciliation_line_explanation
accounting	POST	/api/v1/reconciliation/lines/{id}/reopen	reopen_reconciliation_line
accounting	POST	/api/v1/reconciliation/lines/{id}/resolve	resolve_reconciliation_line
accounting	POST	/api/v1/reconciliation/sessions	create_reconciliation_session
accounting	GET	/api/v1/reconciliation/sessions/{id}	get_reconciliation_session
accounting	GET	/api/v1/reconciliation/sessions/{id}/exceptions	list_reconciliation_exceptions
accounting	GET	/api/v1/reconciliation/sessions/{id}/lines	list_reconciliation_lines
accounting	POST	/api/v1/reconciliation/sessions/{id}/run	run_reconciliation_session
accounting	GET	/api/v1/reconciliation/sessions/{id}/summary	get_reconciliation_session_summary
reporting	GET	/api/v1/reports/definitions	list_definitions
reporting	POST	/api/v1/reports/definitions	create_definition
reporting	DELETE	/api/v1/reports/definitions/{id}	delete_definition
reporting	GET	/api/v1/reports/definitions/{id}	get_definition
reporting	PATCH	/api/v1/reports/definitions/{id}	update_definition
reporting	GET	/api/v1/reports/metrics	get_metrics
reporting	POST	/api/v1/reports/run	run_report
reporting	GET	/api/v1/reports/runs	list_runs
reporting	GET	/api/v1/reports/runs/{id}	get_run
reporting	GET	/api/v1/reports/runs/{id}/download/{fmt}	download_result
reporting	GET	/api/v1/reports/runs/{id}/result	get_result
accounting	GET	/api/v1/revenue/results/{run_id}	get_revenue_results_endpoint
accounting	POST	/api/v1/revenue/run	start_revenue_run_endpoint
accounting	GET	/api/v1/revenue/run/{run_id}	get_revenue_run_status_endpoint
accounting	GET	/api/v1/revenue/run/{run_id}/contracts/{contract_id}	get_revenue_contract_drill_endpoint
accounting	GET	/api/v1/revenue/run/{run_id}/journal-entries/{journal_id}	get_revenue_journal_drill_endpoint
accounting	GET	/api/v1/revenue/run/{run_id}/obligations/{obligation_id}	get_revenue_obligation_drill_endpoint
accounting	GET	/api/v1/revenue/run/{run_id}/schedule-lines/{schedule_id}	get_revenue_schedule_drill_endpoint
misc	GET	/api/v1/scenarios	list_sets
misc	POST	/api/v1/scenarios	create_set
misc	GET	/api/v1/scenarios/{set_id}	get_set
misc	GET	/api/v1/scenarios/{set_id}/comparison	comparison
misc	POST	/api/v1/scenarios/{set_id}/compute	compute_set
misc	GET	/api/v1/scenarios/{set_id}/export	export_set
misc	PATCH	/api/v1/scenarios/{set_id}/scenarios/{definition_id}	patch_definition
reporting	GET	/api/v1/search	search_endpoint
reporting	POST	/api/v1/search/reindex	reindex_endpoint
reporting	GET	/api/v1/search/reindex/{task_id}/status	reindex_status_endpoint
misc	POST	/api/v1/secrets/rotate/erp/{connector_instance_id}	rotate_erp_secret_endpoint
misc	POST	/api/v1/secrets/rotate/smtp	rotate_smtp_endpoint
misc	POST	/api/v1/secrets/rotate/webhook/{schedule_id}	rotate_webhook_secret_endpoint
misc	GET	/api/v1/secrets/rotation-log	list_rotation_log_endpoint
misc	GET	/api/v1/secrets/rotation-log/{log_id}	get_rotation_log_entry_endpoint
misc	GET	/api/v1/signoff	list_endpoint
misc	POST	/api/v1/signoff/initiate	initiate_endpoint
misc	GET	/api/v1/signoff/{signoff_id}/certificate	certificate_endpoint
misc	POST	/api/v1/signoff/{signoff_id}/sign	complete_endpoint
misc	POST	/api/v1/signoff/{signoff_id}/verify	verify_endpoint
misc	GET	/api/v1/statutory/calendar	calendar_endpoint
misc	GET	/api/v1/statutory/filings	filings_endpoint
misc	POST	/api/v1/statutory/filings/{filing_id}/file	mark_filed_endpoint
misc	GET	/api/v1/statutory/registers/{register_type}	register_endpoint
misc	POST	/api/v1/statutory/registers/{register_type}	add_register_endpoint
accounting	GET	/api/v1/tax/positions	list_positions_endpoint
accounting	POST	/api/v1/tax/positions	upsert_position_endpoint
accounting	POST	/api/v1/tax/provision/compute	compute_provision_endpoint
accounting	GET	/api/v1/tax/provision/{period}	get_provision_endpoint
accounting	GET	/api/v1/tax/schedule	get_schedule_endpoint
misc	GET	/api/v1/tenants/display-preferences	get_display_preferences
misc	PATCH	/api/v1/tenants/display-preferences	update_display_preferences
misc	GET	/api/v1/tenants/me	get_my_tenant
misc	PATCH	/api/v1/tenants/me	update_my_tenant
misc	GET	/api/v1/tenants/me/credits	get_credits
misc	GET	/api/v1/tenants/me/users	list_my_users
misc	POST	/api/v1/tenants/me/users	invite_user
misc	DELETE	/api/v1/tenants/me/users/{user_id}	delete_user
misc	PATCH	/api/v1/tenants/me/users/{user_id}	update_user
misc	GET	/api/v1/transfer-pricing/applicability	applicability_endpoint
misc	GET	/api/v1/transfer-pricing/documents	list_documents_endpoint
misc	GET	/api/v1/transfer-pricing/documents/{document_id}	get_document_endpoint
misc	POST	/api/v1/transfer-pricing/generate-3ceb	generate_3ceb_endpoint
misc	GET	/api/v1/transfer-pricing/transactions	list_transactions_endpoint
misc	POST	/api/v1/transfer-pricing/transactions	add_transaction_endpoint
accounting	GET	/api/v1/treasury/forecasts	list_forecasts_endpoint
accounting	POST	/api/v1/treasury/forecasts	create_forecast_endpoint
accounting	GET	/api/v1/treasury/forecasts/{forecast_id}	get_forecast_endpoint
accounting	POST	/api/v1/treasury/forecasts/{forecast_id}/publish	publish_forecast_endpoint
accounting	PATCH	/api/v1/treasury/forecasts/{forecast_id}/weeks/{week_number}	update_week_endpoint
misc	POST	/api/v1/users/{user_id}/offboard	offboard_user_endpoint
misc	GET	/api/v1/white-label/admin/all	admin_list_configs_endpoint
misc	POST	/api/v1/white-label/admin/{tenant_id}/enable	admin_enable_tenant_endpoint
misc	GET	/api/v1/white-label/audit-log	audit_log_endpoint
misc	GET	/api/v1/white-label/config	get_config_endpoint
misc	PATCH	/api/v1/white-label/config	patch_config_endpoint
misc	POST	/api/v1/white-label/domain/verify-check	domain_verify_check_endpoint
misc	POST	/api/v1/white-label/domain/verify-initiate	domain_verify_initiate_endpoint
misc	GET	/api/v1/white-label/resolve/{domain}	resolve_domain_endpoint
accounting	GET	/api/v1/working-capital/ap	list_ap
accounting	GET	/api/v1/working-capital/ar	list_ar
accounting	GET	/api/v1/working-capital/dashboard	wc_dashboard
accounting	GET	/api/v1/working-capital/snapshots	list_wc_snapshots
accounting	POST	/api/v1/working-capital/snapshots	create_wc_snapshot
accounting	GET	/api/v1/working-capital/snapshots/latest/{entity_name}	get_latest_wc
accounting	GET	/api/v1/working-capital/trends	trends
system / health	GET	/debug-network-full	debug_network_full
system / health	GET	/health	health_check
system / health	GET	/health/ai	health_ai
system / health	GET	/health/deep	deep_health_check
system / health	GET	/health/queues	health_queues
system / health	GET	/health/temporal	health_temporal
system / health	GET	/health/workers	health_workers
system / health	MOUNT	/metrics	function
system / health	GET	/openapi.json	openapi
